time,A,B,cin,SUM
0,0,0,0,0
1,0,1,0,1
2,0,2,0,2
3,0,3,0,3
4,0,4,0,4
5,0,5,0,5
6,0,6,0,6
7,0,7,0,7
8,0,8,0,8
9,0,9,0,9
10,0,10,0,10
11,0,11,0,11
12,0,12,0,12
13,0,13,0,13
14,0,14,0,14
15,0,15,0,15
16,1,0,0,1
17,1,1,0,2
18,1,2,0,3
19,1,3,0,4
20,1,4,0,5
21,1,5,0,6
22,1,6,0,7
23,1,7,0,8
24,1,8,0,9
25,1,9,0,10
26,1,10,0,11
27,1,11,0,12
28,1,12,0,13
29,1,13,0,14
30,1,14,0,15
31,1,15,0,16
32,2,0,0,2
33,2,1,0,3
34,2,2,0,4
35,2,3,0,5
36,2,4,0,6
37,2,5,0,7
38,2,6,0,8
39,2,7,0,9
40,2,8,0,10
41,2,9,0,11
42,2,10,0,12
43,2,11,0,13
44,2,12,0,14
45,2,13,0,15
46,2,14,0,16
47,2,15,0,17
48,3,0,0,3
49,3,1,0,4
50,3,2,0,5
51,3,3,0,6
52,3,4,0,7
53,3,5,0,8
54,3,6,0,9
55,3,7,0,10
56,3,8,0,11
57,3,9,0,12
58,3,10,0,13
59,3,11,0,14
60,3,12,0,15
61,3,13,0,16
62,3,14,0,17
63,3,15,0,18
64,4,0,0,4
65,4,1,0,5
66,4,2,0,6
67,4,3,0,7
68,4,4,0,8
69,4,5,0,9
70,4,6,0,10
71,4,7,0,11
72,4,8,0,12
73,4,9,0,13
74,4,10,0,14
75,4,11,0,15
76,4,12,0,16
77,4,13,0,17
78,4,14,0,18
79,4,15,0,19
80,5,0,0,5
81,5,1,0,6
82,5,2,0,7
83,5,3,0,8
84,5,4,0,9
85,5,5,0,10
86,5,6,0,11
87,5,7,0,12
88,5,8,0,13
89,5,9,0,14
90,5,10,0,15
91,5,11,0,16
92,5,12,0,17
93,5,13,0,18
94,5,14,0,19
95,5,15,0,20
96,6,0,0,6
97,6,1,0,7
98,6,2,0,8
99,6,3,0,9
100,6,4,0,10
101,6,5,0,11
102,6,6,0,12
103,6,7,0,13
104,6,8,0,14
105,6,9,0,15
106,6,10,0,16
107,6,11,0,17
108,6,12,0,18
109,6,13,0,19
110,6,14,0,20
111,6,15,0,21
112,7,0,0,7
113,7,1,0,8
114,7,2,0,9
115,7,3,0,10
116,7,4,0,11
117,7,5,0,12
118,7,6,0,13
119,7,7,0,14
120,7,8,0,15
121,7,9,0,16
122,7,10,0,17
123,7,11,0,18
124,7,12,0,19
125,7,13,0,20
126,7,14,0,21
127,7,15,0,22
128,8,0,0,8
129,8,1,0,9
130,8,2,0,10
131,8,3,0,11
132,8,4,0,12
133,8,5,0,13
134,8,6,0,14
135,8,7,0,15
136,8,8,0,16
137,8,9,0,17
138,8,10,0,18
139,8,11,0,19
140,8,12,0,20
141,8,13,0,21
142,8,14,0,22
143,8,15,0,23
144,9,0,0,9
145,9,1,0,10
146,9,2,0,11
147,9,3,0,12
148,9,4,0,13
149,9,5,0,14
150,9,6,0,15
151,9,7,0,16
152,9,8,0,17
153,9,9,0,18
154,9,10,0,19
155,9,11,0,20
156,9,12,0,21
157,9,13,0,22
158,9,14,0,23
159,9,15,0,24
160,10,0,0,10
161,10,1,0,11
162,10,2,0,12
163,10,3,0,13
164,10,4,0,14
165,10,5,0,15
166,10,6,0,16
167,10,7,0,17
168,10,8,0,18
169,10,9,0,19
170,10,10,0,20
171,10,11,0,21
172,10,12,0,22
173,10,13,0,23
174,10,14,0,24
175,10,15,0,25
176,11,0,0,11
177,11,1,0,12
178,11,2,0,13
179,11,3,0,14
180,11,4,0,15
181,11,5,0,16
182,11,6,0,17
183,11,7,0,18
184,11,8,0,19
185,11,9,0,20
186,11,10,0,21
187,11,11,0,22
188,11,12,0,23
189,11,13,0,24
190,11,14,0,25
191,11,15,0,26
192,12,0,0,12
193,12,1,0,13
194,12,2,0,14
195,12,3,0,15
196,12,4,0,16
197,12,5,0,17
198,12,6,0,18
199,12,7,0,19
200,12,8,0,20
201,12,9,0,21
202,12,10,0,22
203,12,11,0,23
204,12,12,0,24
205,12,13,0,25
206,12,14,0,26
207,12,15,0,27
208,13,0,0,13
209,13,1,0,14
210,13,2,0,15
211,13,3,0,16
212,13,4,0,17
213,13,5,0,18
214,13,6,0,19
215,13,7,0,20
216,13,8,0,21
217,13,9,0,22
218,13,10,0,23
219,13,11,0,24
220,13,12,0,25
221,13,13,0,26
222,13,14,0,27
223,13,15,0,28
224,14,0,0,14
225,14,1,0,15
226,14,2,0,16
227,14,3,0,17
228,14,4,0,18
229,14,5,0,19
230,14,6,0,20
231,14,7,0,21
232,14,8,0,22
233,14,9,0,23
234,14,10,0,24
235,14,11,0,25
236,14,12,0,26
237,14,13,0,27
238,14,14,0,28
239,14,15,0,29
240,15,0,0,15
241,15,1,0,16
242,15,2,0,17
243,15,3,0,18
244,15,4,0,19
245,15,5,0,20
246,15,6,0,21
247,15,7,0,22
248,15,8,0,23
249,15,9,0,24
250,15,10,0,25
251,15,11,0,26
252,15,12,0,27
253,15,13,0,28
254,15,14,0,29
255,15,15,0,30
256,0,0,1,1
257,0,1,1,2
258,0,2,1,3
259,0,3,1,4
260,0,4,1,5
261,0,5,1,6
262,0,6,1,7
263,0,7,1,8
264,0,8,1,9
265,0,9,1,10
266,0,10,1,11
267,0,11,1,12
268,0,12,1,13
269,0,13,1,14
270,0,14,1,15
271,0,15,1,16
272,1,0,1,2
273,1,1,1,3
274,1,2,1,4
275,1,3,1,5
276,1,4,1,6
277,1,5,1,7
278,1,6,1,8
279,1,7,1,9
280,1,8,1,10
281,1,9,1,11
282,1,10,1,12
283,1,11,1,13
284,1,12,1,14
285,1,13,1,15
286,1,14,1,16
287,1,15,1,17
288,2,0,1,3
289,2,1,1,4
290,2,2,1,5
291,2,3,1,6
292,2,4,1,7
293,2,5,1,8
294,2,6,1,9
295,2,7,1,10
296,2,8,1,11
297,2,9,1,12
298,2,10,1,13
299,2,11,1,14
300,2,12,1,15
301,2,13,1,16
302,2,14,1,17
303,2,15,1,18
304,3,0,1,4
305,3,1,1,5
306,3,2,1,6
307,3,3,1,7
308,3,4,1,8
309,3,5,1,9
310,3,6,1,10
311,3,7,1,11
312,3,8,1,12
313,3,9,1,13
314,3,10,1,14
315,3,11,1,15
316,3,12,1,16
317,3,13,1,17
318,3,14,1,18
319,3,15,1,19
320,4,0,1,5
321,4,1,1,6
322,4,2,1,7
323,4,3,1,8
324,4,4,1,9
325,4,5,1,10
326,4,6,1,11
327,4,7,1,12
328,4,8,1,13
329,4,9,1,14
330,4,10,1,15
331,4,11,1,16
332,4,12,1,17
333,4,13,1,18
334,4,14,1,19
335,4,15,1,20
336,5,0,1,6
337,5,1,1,7
338,5,2,1,8
339,5,3,1,9
340,5,4,1,10
341,5,5,1,11
342,5,6,1,12
343,5,7,1,13
344,5,8,1,14
345,5,9,1,15
346,5,10,1,16
347,5,11,1,17
348,5,12,1,18
349,5,13,1,19
350,5,14,1,20
351,5,15,1,21
352,6,0,1,7
353,6,1,1,8
354,6,2,1,9
355,6,3,1,10
356,6,4,1,11
357,6,5,1,12
358,6,6,1,13
359,6,7,1,14
360,6,8,1,15
361,6,9,1,16
362,6,10,1,17
363,6,11,1,18
364,6,12,1,19
365,6,13,1,20
366,6,14,1,21
367,6,15,1,22
368,7,0,1,8
369,7,1,1,9
370,7,2,1,10
371,7,3,1,11
372,7,4,1,12
373,7,5,1,13
374,7,6,1,14
375,7,7,1,15
376,7,8,1,16
377,7,9,1,17
378,7,10,1,18
379,7,11,1,19
380,7,12,1,20
381,7,13,1,21
382,7,14,1,22
383,7,15,1,23
384,8,0,1,9
385,8,1,1,10
386,8,2,1,11
387,8,3,1,12
388,8,4,1,13
389,8,5,1,14
390,8,6,1,15
391,8,7,1,16
392,8,8,1,17
393,8,9,1,18
394,8,10,1,19
395,8,11,1,20
396,8,12,1,21
397,8,13,1,22
398,8,14,1,23
399,8,15,1,24
400,9,0,1,10
401,9,1,1,11
402,9,2,1,12
403,9,3,1,13
404,9,4,1,14
405,9,5,1,15
406,9,6,1,16
407,9,7,1,17
408,9,8,1,18
409,9,9,1,19
410,9,10,1,20
411,9,11,1,21
412,9,12,1,22
413,9,13,1,23
414,9,14,1,24
415,9,15,1,25
416,10,0,1,11
417,10,1,1,12
418,10,2,1,13
419,10,3,1,14
420,10,4,1,15
421,10,5,1,16
422,10,6,1,17
423,10,7,1,18
424,10,8,1,19
425,10,9,1,20
426,10,10,1,21
427,10,11,1,22
428,10,12,1,23
429,10,13,1,24
430,10,14,1,25
431,10,15,1,26
432,11,0,1,12
433,11,1,1,13
434,11,2,1,14
435,11,3,1,15
436,11,4,1,16
437,11,5,1,17
438,11,6,1,18
439,11,7,1,19
440,11,8,1,20
441,11,9,1,21
442,11,10,1,22
443,11,11,1,23
444,11,12,1,24
445,11,13,1,25
446,11,14,1,26
447,11,15,1,27
448,12,0,1,13
449,12,1,1,14
450,12,2,1,15
451,12,3,1,16
452,12,4,1,17
453,12,5,1,18
454,12,6,1,19
455,12,7,1,20
456,12,8,1,21
457,12,9,1,22
458,12,10,1,23
459,12,11,1,24
460,12,12,1,25
461,12,13,1,26
462,12,14,1,27
463,12,15,1,28
464,13,0,1,14
465,13,1,1,15
466,13,2,1,16
467,13,3,1,17
468,13,4,1,18
469,13,5,1,19
470,13,6,1,20
471,13,7,1,21
472,13,8,1,22
473,13,9,1,23
474,13,10,1,24
475,13,11,1,25
476,13,12,1,26
477,13,13,1,27
478,13,14,1,28
479,13,15,1,29
480,14,0,1,15
481,14,1,1,16
482,14,2,1,17
483,14,3,1,18
484,14,4,1,19
485,14,5,1,20
486,14,6,1,21
487,14,7,1,22
488,14,8,1,23
489,14,9,1,24
490,14,10,1,25
491,14,11,1,26
492,14,12,1,27
493,14,13,1,28
494,14,14,1,29
495,14,15,1,30
496,15,0,1,16
497,15,1,1,17
498,15,2,1,18
499,15,3,1,19
500,15,4,1,20
501,15,5,1,21
502,15,6,1,22
503,15,7,1,23
504,15,8,1,24
505,15,9,1,25
506,15,10,1,26
507,15,11,1,27
508,15,12,1,28
509,15,13,1,29
510,15,14,1,30
511,15,15,1,31
