time,clk,Q3,Q2,Q1,Q0,COUNT
0,0,0,0,0,0,0
1,1,0,0,0,1,1
2,0,0,0,0,1,1
3,1,0,0,1,0,2
4,0,0,0,1,0,2
5,1,0,0,1,1,3
6,0,0,0,1,1,3
7,1,0,1,0,0,4
8,0,0,1,0,0,4
9,1,0,1,0,1,5
10,0,0,1,0,1,5
11,1,0,1,1,0,6
12,0,0,1,1,0,6
13,1,0,1,1,1,7
14,0,0,1,1,1,7
15,1,1,0,0,0,8
16,0,1,0,0,0,8
17,1,1,0,0,1,9
18,0,1,0,0,1,9
19,1,1,0,1,0,10
20,0,1,0,1,0,10
21,1,1,0,1,1,11
22,0,1,0,1,1,11
23,1,1,1,0,0,12
24,0,1,1,0,0,12
25,1,1,1,0,1,13
26,0,1,1,0,1,13
27,1,1,1,1,0,14
28,0,1,1,1,0,14
29,1,1,1,1,1,15
30,0,1,1,1,1,15
31,1,0,0,0,0,0
32,0,0,0,0,0,0
33,1,0,0,0,1,1
34,0,0,0,0,1,1
35,1,0,0,1,0,2
36,0,0,0,1,0,2
37,1,0,0,1,1,3
38,0,0,0,1,1,3
39,1,0,1,0,0,4
40,0,0,1,0,0,4
